name,age,country,company,priority
Bob,20,USA,Acme Corp,2
Alice,20,Canada,Globex Inc,4
Charlie,20,UK,Initech,7
David,20,Australia,Wonka Industries,1
Eve,20,New Zealand,Pied Piper,8
Frank,20,France,Hooli,2
Grace,22,Germany,Stark Industries,9
Heidi,25,Norway,Umbrella Corp,5
Ivan,30,Russia,Vandelay Industries,6
Judy,28,USA,Acme Corp,7
Karl,26,Sweden,Globex Inc,1
Liam,22,Ireland,Initech,5
Mallory,24,UK,Wonka Industries,10
Niaj,23,India,Pied Piper,4
Olivia,21,Canada,Hooli,6
Peter,29,UK,Stark Industries,8
Quinn,27,Australia,Umbrella Corp,3
Rita,24,France,Vandelay Industries,6
Sam,23,Germany,Acme Corp,5
Tina,22,Norway,Globex Inc,8
Uma,28,Russia,Initech,2
Victor,31,USA,Wonka Industries,8
Wendy,26,Sweden,Pied Piper,4
Xander,25,Ireland,Hooli,3
Yara,24,UK,Stark Industries,7
Zane,29,India,Umbrella Corp,4
Aaron,32,USA,Vandelay Industries,9
Bella,23,Canada,Acme Corp,8
Cory,28,Germany,Globex Inc,6
Diane,30,Norway,Initech,7
Eli,22,France,Wonka Industries,3
Faye,24,Australia,Pied Piper,1
Gina,20,Russia,Hooli,2
Hank,23,New Zealand,Stark Industries,7
Irene,25,India,Umbrella Corp,6
Jake,22,UK,Vandelay Industries,7
Kara,33,Germany,Acme Corp,8
Leo,24,USA,Globex Inc,1
Mia,26,Canada,Initech,5
Neil,31,Sweden,Wonka Industries,10
Olga,29,Norway,Pied Piper,3
Paul,21,Russia,Hooli,2
Queen,25,France,Stark Industries,9
Ralph,30,Ireland,Umbrella Corp,10
Sara,22,Australia,Vandelay Industries,4
Toby,32,USA,Acme Corp,7
Usha,27,UK,Globex Inc,6
Vera,20,India,Initech,2
Will,25,New Zealand,Wonka Industries,5
Xena,23,Germany,Pied Piper,9
Yuri,28,Russia,Hooli,7
Zoe,24,Norway,Stark Industries,2
Aiden,21,France,Umbrella Corp,5
Bianca,22,Australia,Vandelay Industries,6
Cedric,27,Canada,Acme Corp,2
Dora,24,UK,Globex Inc,5
Emil,30,India,Initech,8
Fiona,26,Sweden,Wonka Industries,9
Garth,25,USA,Pied Piper,9
Hilda,21,Germany,Hooli,7
Illya,24,Russia,Stark Industries,2
Jana,22,Norway,Umbrella Corp,5
Kurt,23,France,Vandelay Industries,3
Lara,27,Australia,Acme Corp,6
Mona,28,Ireland,Globex Inc,7
Ned,24,Canada,Initech,10
Olive,22,Sweden,Wonka Industries,3
Pavel,25,India,Pied Piper,7
Quentin,29,Germany,Hooli,8
Rhea,31,USA,Stark Industries,6
Salma,26,UK,Umbrella Corp,2
Taj,23,France,Vandelay Industries,3
Una,24,New Zealand,Acme Corp,6
Vik,32,Australia,Globex Inc,9
Whitney,30,Norway,Initech,5
Ximena,22,Sweden,Wonka Industries,9
Yusuf,24,India,Pied Piper,4
Zelda,23,Canada,Hooli,8
Abel,28,Germany,Stark Industries,6
Beth,25,France,Umbrella Corp,4
Cruz,31,Australia,Vandelay Industries,6
Delia,27,Russia,Acme Corp,5
Erin,24,UK,Globex Inc,7
Flynn,26,USA,Initech,2
Gwen,20,India,Wonka Industries,3
Hugo,30,Norway,Pied Piper,4
Isla,23,Canada,Hooli,8
Jan,22,Sweden,Stark Industries,5
Kian,27,Germany,Umbrella Corp,7
Lila,24,Australia,Vandelay Industries,6
Myra,28,Ireland,Acme Corp,4
Noah,20,USA,Globex Inc,10
Omar,25,UK,Initech,5
Pam,21,France,Wonka Industries,9
Qasim,23,India,Pied Piper,5
Rina,28,Germany,Hooli,3
Sid,29,Norway,Stark Industries,8
Tara,25,USA,Umbrella Corp,2
Uri,23,Russia,Vandelay Industries,8
Vera,22,Sweden,Acme Corp,5
Ward,24,Australia,Globex Inc,8
Xavi,27,Canada,Initech,4
Yael,30,France,Wonka Industries,1
Zion,21,Ireland,Pied Piper,6
Adam,24,Germany,Hooli,7
Belle,31,India,Stark Industries,6
Chloe,22,USA,Umbrella Corp,3
Dean,26,UK,Vandelay Industries,7
Eden,20,Norway,Acme Corp,7
Faris,32,France,Globex Inc,5
Gia,28,New Zealand,Initech,9
Hope,27,Australia,Wonka Industries,2
Ivy,22,Canada,Pied Piper,1
Jamie,29,UK,Hooli,5
Kris,23,Sweden,Stark Industries,3
Liz,31,USA,Umbrella Corp,10
Mo,28,India,Vandelay Industries,4
Nina,26,Germany,Acme Corp,5
Otis,25,Norway,Globex Inc,6
Paula,30,France,Initech,5
Quinn,24,New Zealand,Wonka Industries,2
Rafe,22,Canada,Pied Piper,2
Shay,30,Sweden,Hooli,3
Tess,26,Germany,Stark Industries,7
Ugo,32,Ireland,Umbrella Corp,9
Vina,27,UK,Vandelay Industries,1
Walt,28,France,Acme Corp,8
Xia,25,Russia,Globex Inc,9
Yani,25,Norway,Initech,6
Zeb,29,Australia,Wonka Industries,8
Anya,24,India,Pied Piper,3
Blake,21,USA,Hooli,4
Cleo,22,Germany,Stark Industries,8
Demi,28,France,Umbrella Corp,5
Ezra,23,UK,Vandelay Industries,8
Finn,25,Sweden,Acme Corp,1
Gail,26,Canada,Globex Inc,9
Hal,31,Norway,Initech,3
Izzy,24,Australia,Wonka Industries,6
Joss,20,New Zealand,Pied Piper,6
Kara,27,Ireland,Hooli,4
Lynn,28,India,Stark Industries,1
Mack,23,Germany,Umbrella Corp,2
Nate,32,France,Vandelay Industries,8
Oona,30,Sweden,Acme Corp,5
Perry,22,UK,Globex Inc,9
Quin,26,Australia,Initech,10
Rory,24,Canada,Wonka Industries,3
Sage,21,Russia,Pied Piper,7
Toni,27,Norway,Hooli,2
Uriel,23,India,Stark Industries,8
Vera,29,Germany,Umbrella Corp,1
Will,25,USA,Vandelay Industries,6
Xara,22,France,Acme Corp,8
Yves,30,UK,Globex Inc,10
Zita,28,New Zealand,Initech,5
Arlo,27,Canada,Wonka Industries,9
Bea,24,Ireland,Pied Piper,5
Carl,30,Sweden,Hooli,7
Dina,25,Germany,Stark Industries,4
Ewan,21,Australia,Umbrella Corp,6
Faye,26,India,Vandelay Industries,2
Gus,25,UK,Acme Corp,6
Hale,29,Norway,Globex Inc,7
Isha,23,France,Initech,2
Joel,24,Russia,Wonka Industries,3
Kyla,28,Germany,Pied Piper,9
Leah,22,Canada,Hooli,5
Milo,29,Sweden,Stark Industries,1
Nova,31,India,Umbrella Corp,4
Odie,23,France,Vandelay Industries,9
Pia,30,UK,Acme Corp,2
Reef,27,Australia,Globex Inc,6
Seth,22,New Zealand,Initech,3
Tina,25,Ireland,Wonka Industries,2
Ulan,24,Sweden,Pied Piper,3
Vera,28,France,Hooli,6
Wren,21,Germany,Stark Industries,9
Xena,32,Norway,Umbrella Corp,5
Yuri,27,Australia,Vandelay Industries,8
Zane,29,USA,Acme Corp,5
Ava,31,Canada,Globex Inc,7
Blair,22,India,Initech,4
Cleo,20,France,Wonka Industries,3
Dana,25,UK,Pied Piper,2
Emil,23,Sweden,Hooli,8
Fawn,28,Germany,Stark Industries,4
Gio,24,Ireland,Umbrella Corp,5
Hope,29,Norway,Vandelay Industries,8
Ilia,27,USA,Acme Corp,1
Judd,22,Canada,Globex Inc,9
Kim,25,Australia,Initech,3
Lana,31,India,Wonka Industries,1
Mick,30,Sweden,Pied Piper,6
Nola,23,Germany,Hooli,5
Oleg,24,France,Stark Industries,7
Paige,24,UK,Umbrella Corp,4
Quinn,30,Norway,Vandelay Industries,8
Ray,26,New Zealand,Acme Corp,2
Sian,23,Germany,Globex Inc,9
Tess,28,Canada,Initech,1
Ursa,29,France,Wonka Industries,5
Vance,23,India,Pied Piper,4
Walt,27,UK,Hooli,6
Xavi,26,Sweden,Stark Industries,9
Yana,20,Australia,Umbrella Corp,9
Zia,25,Ireland,Vandelay Industries,4
Ari,22,Japan,Acme Corp,7
Bo,28,South Africa,Globex Inc,3
Chia,24,China,Initech,6
Dara,27,Brazil,Wonka Industries,8
Elo,21,Mexico,Pied Piper,5
Finn,29,Italy,Hooli,2
Gale,25,Spain,Stark Industries,3
Han,31,South Korea,Umbrella Corp,6
Ina,23,Turkey,Vandelay Industries,4
Jace,22,Poland,Acme Corp,9
Kael,27,Argentina,Globex Inc,6
Luz,24,Portugal,Initech,2
Mira,28,Egypt,Wonka Industries,9
Nico,30,Switzerland,Pied Piper,5
Omar,26,United Arab Emirates,Hooli,6
Piaf,25,Belgium,Stark Industries,2
Qadir,29,Pakistan,Umbrella Corp,3
Riva,27,Israel,Vandelay Industries,7
Sofi,24,Greece,Acme Corp,4
Tariq,23,Saudi Arabia,Globex Inc,6
Uma,21,Thailand,Initech,7
Vik,30,Finland,Wonka Industries,2
Wali,28,Denmark,Pied Piper,8
Xu,25,Vietnam,Hooli,4
Yves,27,Austria,Stark Industries,1
Zuri,31,Nigeria,Umbrella Corp,3
Ava,22,Singapore,Vandelay Industries,4
Ben,26,Russia,Acme Corp,1
Cami,28,Chile,Globex Inc,8
Dev,29,India,Initech,3
Eve,23,Japan,Wonka Industries,6
Felix,25,France,Pied Piper,2
Gia,30,Brazil,Hooli,6
Hugo,24,Italy,Stark Industries,5
Isla,27,Canada,Umbrella Corp,7
Jon,28,Australia,Vandelay Industries,2
Kian,26,Armenia,Acme Corp,6
Lea,25,Serbia,Globex Inc,8
Mona,24,Sweden,Initech,1
Nina,30,USA,Wonka Industries,3
Oskar,28,Hungary,Pied Piper,4
Priya,27,India,Hooli,9
Qin,22,China,Stark Industries,2
Rami,29,Egypt,Umbrella Corp,8
Sven,31,Norway,Vandelay Industries,9
Teja,21,Slovenia,Acme Corp,4
Umair,24,Bangladesh,Globex Inc,6
Vera,28,Estonia,Initech,8
Wen,23,Taiwan,Wonka Industries,3
Yuri,27,Ukraine,Pied Piper,9
Zane,26,Philippines,Hooli,2
Adam,30,Sweden,Stark Industries,3
Beth,25,USA,Umbrella Corp,5
Clara,27,UK,Vandelay Industries,7
Derek,22,Canada,Acme Corp,9
Elsa,29,Norway,Globex Inc,6
Finn,23,Australia,Initech,10
Greta,24,Germany,Wonka Industries,3
Hani,28,France,Pied Piper,8
Ivy,26,New Zealand,Hooli,2
Jude,27,Ireland,Stark Industries,6
Kenji,30,Japan,Umbrella Corp,7
Lara,25,Portugal,Vandelay Industries,1
Marco,27,Italy,Acme Corp,4
Nadia,29,Turkey,Globex Inc,9
Odin,28,Norway,Initech,5
Pia,24,Denmark,Wonka Industries,7
Quyen,22,Vietnam,Pied Piper,8
Rocco,27,Brazil,Hooli,2
Sana,23,Pakistan,Stark Industries,7
Tino,26,Serbia,Umbrella Corp,2
Ugo,30,Nigeria,Vandelay Industries,5
Viola,25,Finland,Acme Corp,7
Waseem,28,United Arab Emirates,Globex Inc,3
Xena,27,Greece,Initech,4
Ylan,23,France,Wonka Industries,1
Zada,29,USA,Pied Piper,2
Adeel,31,Bangladesh,Hooli,7
Bianca,28,Switzerland,Stark Industries,8
Cyrus,26,Armenia,Umbrella Corp,3
Dara,23,Austria,Vandelay Industries,9
Eren,27,Hungary,Acme Corp,8
Faiz,22,India,Globex Inc,3
Gio,27,Spain,Initech,2
Hala,25,Egypt,Wonka Industries,6
Ilka,30,Singapore,Pied Piper,4
Javi,24,Chile,Hooli,8
Jonas,28,Lithuania,Stark Industries,4
Kira,26,Belgium,Umbrella Corp,7
Liam,24,Ireland,Vandelay Industries,1
Mila,29,Austria,Acme Corp,2
Noor,23,Jordan,Globex Inc,10
Orla,28,Scotland,Initech,7
Pavel,27,Russia,Wonka Industries,3
Rina,25,Israel,Pied Piper,6
Sami,29,Finland,Hooli,4
Tara,24,Iceland,Stark Industries,5
Uma,26,Kenya,Umbrella Corp,9
Vikram,25,India,Vandelay Industries,6
Widad,28,Morocco,Acme Corp,7
Xiao,24,China,Globex Inc,5
Yasir,27,Saudi Arabia,Initech,8
Ziva,29,Israel,Wonka Industries,4
Amar,28,Bosnia,Pied Piper,6
Beth,24,Wales,Hooli,7
Cleo,26,Greece,Stark Industries,3
Darcy,23,Scotland,Umbrella Corp,8
Eira,25,Sweden,Vandelay Industries,5
Farid,29,Algeria,Acme Corp,7
Gia,24,Brazil,Globex Inc,6
Hugo,27,France,Initech,4
Ines,28,Spain,Wonka Industries,9
Joel,26,Netherlands,Pied Piper,5
Kai,25,Japan,Hooli,3
Laila,24,Tunisia,Stark Industries,6
Milena,27,Poland,Umbrella Corp,8
Nuri,23,Turkey,Vandelay Industries,5
Oriana,29,Argentina,Acme Corp,7
Paolo,28,Italy,Globex Inc,5
Ren,22,Japan,Initech,6
Sofie,25,Denmark,Wonka Industries,4
Thabo,26,South Africa,Pied Piper,9
Ursula,27,Germany,Hooli,3
Valentin,28,Austria,Stark Industries,8
Winona,26,USA,Umbrella Corp,5
Xiomara,25,Mexico,Vandelay Industries,6
Yusuf,29,Egypt,Acme Corp,7
Zofia,23,Poland,Globex Inc,8
Anya,24,Russia,Initech,6
Bartosz,27,Poland,Wonka Industries,5
Carmen,28,Spain,Pied Piper,8
Deniz,29,Turkey,Hooli,7
Elio,24,Italy,Stark Industries,7
Fatima,27,Morocco,Umbrella Corp,6
Goran,28,Serbia,Vandelay Industries,4
Helena,27,Croatia,Acme Corp,7
Idris,29,Algeria,Globex Inc,6
Jade,28,UK,Initech,7
Kareem,24,Egypt,Wonka Industries,5
Luisa,27,Brazil,Pied Piper,8
Mateo,26,Argentina,Hooli,6
Nia,25,Kenya,Stark Industries,5
Oskar,23,Sweden,Umbrella Corp,9
Priya,27,India,Vandelay Industries,7
Qadir,24,Pakistan,Acme Corp,5
Rosa,25,Spain,Globex Inc,6
Silvio,29,Italy,Initech,4
Tove,28,Sweden,Wonka Industries,8
Umut,23,Turkey,Pied Piper,5
Vivian,27,Nigeria,Hooli,6
Wiktor,26,Poland,Stark Industries,7
Xena,29,Cyprus,Umbrella Corp,4
Yannis,28,Greece,Vandelay Industries,6
Zainab,23,Nigeria,Acme Corp,7
Alina,25,Romania,Globex Inc,3
Bogdan,28,Romania,Initech,8
Clara,27,Switzerland,Wonka Industries,5
Dag,26,Norway,Pied Piper,9
Ekaterina,25,Russia,Hooli,7
Fahad,28,Saudi Arabia,Stark Industries,8
Greta,29,Finland,Umbrella Corp,6
Hugo,22,Portugal,Vandelay Industries,3
Ingrid,23,Norway,Acme Corp,4
Joao,24,Brazil,Globex Inc,8
Kamila,27,Poland,Initech,6
Luca,26,Italy,Wonka Industries,7
Malik,28,Morocco,Pied Piper,6
Noura,25,Jordan,Hooli,8
Olga,27,Ukraine,Stark Industries,5
Petra,29,Czech Republic,Umbrella Corp,4
Quentin,24,France,Vandelay Industries,7
Raul,25,Spain,Acme Corp,5
Stefan,27,Germany,Globex Inc,6
Tina,28,Serbia,Initech,4
Ulyana,29,Belarus,Wonka Industries,9
Vihaan,23,India,Pied Piper,7
Wanda,26,Poland,Hooli,5
Xavier,28,Belgium,Stark Industries,6
Yael,24,Israel,Umbrella Corp,4
Zahid,29,Pakistan,Vandelay Industries,7
Arman,27,Kazakhstan,Acme Corp,5
Bianca,25,Italy,Globex Inc,6
Cecilia,26,Sweden,Initech,7
Dmitri,28,Russia,Wonka Industries,9
Esra,24,Turkey,Pied Piper,7
Fabio,27,Italy,Hooli,5
Gisela,29,Austria,Stark Industries,8
Hamza,25,Algeria,Umbrella Corp,6
Ieva,24,Lithuania,Vandelay Industries,5
Jon,28,Iceland,Acme Corp,4
Katia,23,Portugal,Globex Inc,7
Lars,27,Norway,Initech,6
Marta,28,Spain,Wonka Industries,4
Niklas,25,Germany,Pied Piper,5
Ozge,26,Turkey,Hooli,8
Pietro,24,Italy,Stark Industries,5
Quincy,28,Netherlands,Umbrella Corp,3
Rumi,25,Bulgaria,Vandelay Industries,6
Selma,27,Bosnia,Acme Corp,8
Tariq,24,Libya,Globex Inc,7
Ulrik,29,Denmark,Initech,4
Vera,28,Serbia,Wonka Industries,7
Wilhelm,27,Germany,Pied Piper,8
Xochitl,24,Mexico,Hooli,5
Yara,25,UAE,Stark Industries,6
Zoran,28,Serbia,Umbrella Corp,7
Abel,27,Spain,Vandelay Industries,6
Amira,25,Egypt,Acme Corp,5
Anders,28,Denmark,Globex Inc,7
Anika,24,Germany,Initech,8
Anton,29,Russia,Wonka Industries,6
Asha,23,Kenya,Pied Piper,5
Bartosz,27,Poland,Hooli,9
Belen,26,Argentina,Stark Industries,8
Boris,25,Bulgaria,Umbrella Corp,6
Camila,27,Brazil,Vandelay Industries,7
Carla,29,Portugal,Acme Corp,8
Carmen,24,Spain,Globex Inc,6
Cassius,26,Italy,Initech,5
Claudia,28,Switzerland,Wonka Industries,7
Cristina,25,Romania,Pied Piper,8
Dalia,24,Lebanon,Hooli,6
Danilo,27,Serbia,Stark Industries,7
Deepak,26,India,Umbrella Corp,9
Dina,28,Egypt,Vandelay Industries,6
Dominik,29,Austria,Acme Corp,8
Dora,25,Hungary,Globex Inc,7
Eamon,27,Ireland,Initech,8
Ece,24,Turkey,Wonka Industries,7
Eduardo,26,Brazil,Pied Piper,5
Elena,28,Russia,Hooli,7
Elif,23,Turkey,Stark Industries,6
Elsa,29,Sweden,Umbrella Corp,9
Emilia,25,Finland,Vandelay Industries,7
Enzo,27,Italy,Acme Corp,8
Erik,28,Norway,Globex Inc,6
Esme,24,UK,Initech,5
Fatima,26,Morocco,Wonka Industries,8
Felipe,27,Brazil,Pied Piper,7
Fleur,24,France,Hooli,7
Franz,29,Germany,Stark Industries,6
Freja,28,Denmark,Umbrella Corp,8
Gabor,25,Hungary,Vandelay Industries,7
Galina,28,Russia,Acme Corp,6
Gilles,27,Belgium,Globex Inc,9
Gui,26,China,Initech,7
Helena,25,Serbia,Wonka Industries,6
Henrik,29,Sweden,Pied Piper,7
Ignacio,28,Spain,Hooli,8
Ilona,27,Poland,Stark Industries,5
Isabel,24,Portugal,Umbrella Corp,6
Jacek,26,Poland,Vandelay Industries,7
Jana,25,Norway,Acme Corp,6
Jasper,29,Netherlands,Globex Inc,8
Jelena,27,Montenegro,Initech,7
Josef,28,Czech Republic,Wonka Industries,9
Julia,24,Germany,Pied Piper,8
Jules,26,France,Hooli,6
Kaan,25,Turkey,Stark Industries,7
Kaja,27,Slovenia,Umbrella Corp,7
Karim,29,Egypt,Vandelay Industries,8
Kaspar,28,Estonia,Acme Corp,9
Katerina,26,Greece,Globex Inc,8
Khalid,24,Morocco,Initech,7
Kiran,27,India,Wonka Industries,6
Klara,25,Austria,Pied Piper,8
Kristof,29,Hungary,Hooli,7
Leandro,26,Argentina,Stark Industries,6
Lenka,28,Czech Republic,Umbrella Corp,9
Leona,24,Slovakia,Vandelay Industries,7
Lina,25,Egypt,Acme Corp,5
Lucia,27,Italy,Globex Inc,8
Magda,26,Poland,Initech,7
Manon,28,France,Wonka Industries,6
Marco,25,Italy,Pied Piper,7
Marta,27,Portugal,Hooli,8
Mateo,29,Croatia,Stark Industries,9
Melis,24,Turkey,Umbrella Corp,8
Mikko,25,Finland,Vandelay Industries,7
Milena,28,Serbia,Acme Corp,8
Miroslav,27,Slovakia,Globex Inc,6
Monika,26,Poland,Initech,7
Mustafa,28,Egypt,Wonka Industries,5
Natalia,24,Spain,Pied Piper,6
Nico,25,Germany,Hooli,8
Nikola,26,Croatia,Stark Industries,6
Omar,27,Jordan,Umbrella Corp,7
Ondrej,29,Czech Republic,Vandelay Industries,8
Oscar,28,Sweden,Acme Corp,9
Paola,25,Italy,Globex Inc,5
Patryk,27,Poland,Initech,7
Pedro,24,Portugal,Wonka Industries,6
Petra,28,Slovakia,Pied Piper,8
Rafa,29,Spain,Hooli,9
Rahel,27,Switzerland,Stark Industries,6
Reka,25,Hungary,Umbrella Corp,5
Rosa,28,Portugal,Vandelay Industries,7
Samir,26,Morocco,Acme Corp,8
Sanna,29,Finland,Globex Inc,7
Sasha,24,Russia,Initech,6
Selin,25,Turkey,Wonka Industries,7
Sofia,28,Greece,Pied Piper,6
Thiago,27,Brazil,Hooli,8
Tomas,26,Slovakia,Stark Industries,9
Valeria,25,Italy,Umbrella Corp,7
Vesa,29,Finland,Vandelay Industries,8
Vlad,26,Romania,Acme Corp,6
Zaida,24,Morocco,Globex Inc,7
Zuzana,27,Slovakia,Initech,8
Alec,27,USA,Wonka Industries,8
Anya,26,Russia,Pied Piper,7
Beatrix,25,Germany,Hooli,6
Ben,29,UK,Stark Industries,7
Benedict,28,Canada,Umbrella Corp,8
Bruno,24,Italy,Vandelay Industries,5
Camila,27,Brazil,Acme Corp,8
Carmen,25,Spain,Globex Inc,7
Celia,26,France,Initech,7
Charles,28,USA,Wonka Industries,9
Clara,27,Germany,Pied Piper,8
Dalia,25,Israel,Hooli,6
Damir,24,Croatia,Stark Industries,7
Daniela,29,Portugal,Umbrella Corp,8
Dario,27,Italy,Vandelay Industries,5
Darya,24,Russia,Acme Corp,6
Denis,28,Hungary,Globex Inc,8
Duarte,25,Portugal,Initech,7
Edgar,29,Estonia,Wonka Industries,6
Elena,28,Spain,Pied Piper,9
Elise,27,Norway,Hooli,8
Elodie,25,France,Stark Industries,7
Emil,24,Bulgaria,Umbrella Corp,6
Evelin,26,Estonia,Vandelay Industries,8
Fabian,25,Germany,Acme Corp,9
Felix,27,Austria,Globex Inc,8
Florin,28,Romania,Initech,7
Francesca,26,Italy,Wonka Industries,7
Frederik,25,Denmark,Pied Piper,6
Gabriel,28,Brazil,Hooli,8
Galina,27,Ukraine,Stark Industries,9
Gemma,26,UK,Umbrella Corp,7
Greta,25,Sweden,Vandelay Industries,5
Gunther,28,Germany,Acme Corp,8
Halil,27,Turkey,Globex Inc,7
Hans,24,Germany,Initech,6
Helena,29,Portugal,Wonka Industries,8
Henrik,26,Denmark,Pied Piper,7
Hugo,25,France,Hooli,7
Ilias,27,Greece,Stark Industries,6
Ilona,28,Czech Republic,Umbrella Corp,9
Ines,24,Portugal,Vandelay Industries,7
Ingrid,25,Norway,Acme Corp,6
Ioana,26,Romania,Globex Inc,8
Ivo,29,Bulgaria,Initech,7
Izabella,27,Hungary,Wonka Industries,7
Jakub,28,Poland,Pied Piper,8
Jana,26,Slovakia,Hooli,9
Jaroslav,25,Czech Republic,Stark Industries,6
Jasper,27,Netherlands,Umbrella Corp,7
Johann,24,Austria,Vandelay Industries,8
Jonas,28,Lithuania,Acme Corp,7
Josef,26,Czech Republic,Globex Inc,9
Julia,25,Germany,Initech,7
Julien,29,Belgium,Wonka Industries,7
Kaja,25,Slovenia,Pied Piper,8
Karolina,26,Poland,Hooli,7
Katja,29,Finland,Stark Industries,8
Kern,28,Germany,Umbrella Corp,6
Kinga,25,Hungary,Vandelay Industries,7
Kristina,26,Serbia,Acme Corp,8
Larisa,29,Romania,Globex Inc,7
Laura,28,Italy,Initech,8
Lea,24,Slovenia,Wonka Industries,9
Lena,25,Germany,Pied Piper,8
Leon,27,Belgium,Hooli,6
Liv,26,Norway,Stark Industries,7
Luca,25,Italy,Umbrella Corp,9
Lucie,28,France,Vandelay Industries,6
Luka,27,Croatia,Acme Corp,7
Manuel,24,Spain,Globex Inc,8
Marc,26,Germany,Initech,7
Maria,28,Portugal,Wonka Industries,6
Marianna,25,Hungary,Pied Piper,8
Matej,27,Slovakia,Hooli,7
Matteo,24,Italy,Stark Industries,8
Maxim,25,Russia,Umbrella Corp,7
Milos,26,Serbia,Vandelay Industries,8
Mira,29,Finland,Acme Corp,7
Monica,28,Spain,Globex Inc,7
Nadia,24,Romania,Initech,8
Natalie,26,Austria,Wonka Industries,6
Niklas,28,Sweden,Pied Piper,9
Noemi,27,Hungary,Hooli,7
Oksana,25,Ukraine,Stark Industries,5
Oscar,29,UK,Umbrella Corp,8
Paula,26,Spain,Vandelay Industries,6
Peter,27,Austria,Acme Corp,7
Philipp,25,Germany,Globex Inc,8
Radek,28,Czech Republic,Initech,6
Rene,26,France,Wonka Industries,7
Sabine,25,Germany,Pied Piper,9
Simone,29,Italy,Hooli,6
Sofia,27,Portugal,Stark Industries,8
Svetlana,28,Russia,Umbrella Corp,7
Tamara,24,Serbia,Vandelay Industries,8
Tereza,26,Czech Republic,Acme Corp,7
Timur,27,Kazakhstan,Globex Inc,6
Viktor,25,Hungary,Initech,9
Viola,29,Italy,Wonka Industries,8
Zofia,27,Poland,Pied Piper,7
Zoran,26,Serbia,Hooli,8
Adam,24,Croatia,Stark Industries,8
Agata,27,Poland,Umbrella Corp,7
Aksel,25,Norway,Vandelay Industries,6
Alba,29,Spain,Acme Corp,8
Albin,26,Sweden,Globex Inc,7
Aline,28,Belgium,Initech,6
Amira,25,Egypt,Wonka Industries,9
Anastasia,27,Russia,Pied Piper,7
Anders,28,Denmark,Hooli,8
Anja,26,Austria,Stark Industries,6
Armin,29,Germany,Umbrella Corp,7
Artem,28,Ukraine,Vandelay Industries,6
Astrid,25,Norway,Acme Corp,8
Bartek,24,Poland,Globex Inc,7
Bela,26,Hungary,Initech,9
Benedikt,28,Austria,Wonka Industries,7
Bojan,25,Serbia,Pied Piper,8
Bruno,27,Portugal,Hooli,8
Camille,29,Belgium,Stark Industries,7
Catarina,28,Portugal,Umbrella Corp,6
Cem,26,Turkey,Vandelay Industries,7
Clara,25,France,Acme Corp,9
Conor,24,Ireland,Globex Inc,8
Dana,27,Czech Republic,Initech,6
Dani,25,Spain,Wonka Industries,7
Darya,29,Russia,Pied Piper,8
Denis,26,Romania,Hooli,7
Diana,28,Ukraine,Stark Industries,6
Dominik,27,Slovakia,Umbrella Corp,9
Elena,25,Italy,Vandelay Industries,6
Elisa,29,Switzerland,Acme Corp,7
Emilia,28,Sweden,Globex Inc,8
Erik,26,Norway,Initech,7
Erika,27,Hungary,Wonka Industries,8
Fabian,29,Germany,Pied Piper,8
Felicity,25,UK,Hooli,7
Filip,27,Czech Republic,Stark Industries,8
Florian,28,Austria,Umbrella Corp,6
Freja,26,Denmark,Vandelay Industries,7
Gabriel,28,Romania,Acme Corp,9
Giulia,25,Italy,Globex Inc,8
Greta,27,Finland,Initech,7
Gustav,24,Sweden,Wonka Industries,8
Hanna,25,Germany,Pied Piper,7
Henri,27,France,Hooli,8
Ida,29,Norway,Stark Industries,7
Ignacio,26,Spain,Umbrella Corp,9
Ilona,28,Hungary,Vandelay Industries,7
Jana,27,Slovakia,Acme Corp,6
Janek,25,Poland,Globex Inc,8
Jasmin,28,Sweden,Initech,7
Jasper,24,Netherlands,Wonka Industries,8
Joana,29,Portugal,Pied Piper,8
Jonas,27,Lithuania,Hooli,7
Josefa,26,Spain,Stark Industries,9
Judith,25,Germany,Umbrella Corp,6
Kai,28,Finland,Vandelay Industries,8
Kasia,29,Poland,Acme Corp,7
Katrin,26,Austria,Globex Inc,7
Kenan,25,Bosnia,Initech,8
Klara,27,Czech Republic,Wonka Industries,7
Kostas,28,Greece,Pied Piper,9
Larissa,26,Austria,Hooli,8
Leandro,25,Brazil,Stark Industries,7
Leonie,29,Germany,Umbrella Corp,8
Lina,26,Finland,Vandelay Industries,6
Livia,28,Hungary,Acme Corp,7
Lucia,27,Slovakia,Globex Inc,8
Luisa,25,Italy,Initech,9
Magdalena,28,Poland,Wonka Industries,8
Manon,29,Belgium,Pied Piper,7
Marek,26,Slovakia,Hooli,8
Maria,25,Russia,Stark Industries,6
Marta,28,Spain,Umbrella Corp,8
Marvin,27,Germany,Vandelay Industries,7
Mateusz,27,Poland,Acme Corp,8
Mats,29,Norway,Globex Inc,6
Melanie,28,Austria,Initech,9
Milan,26,Serbia,Wonka Industries,7
Mirko,25,Italy,Pied Piper,8
Nina,27,Croatia,Hooli,8
Nora,28,Austria,Stark Industries,7
Olivier,29,Belgium,Umbrella Corp,8
Oscar,25,Sweden,Vandelay Industries,7
Patricia,27,Spain,Acme Corp,9
Paula,28,Portugal,Globex Inc,8
Petra,26,Singapore,Initech,7
Pia,25,Finland,Wonka Industries,8
Radu,28,Romania,Pied Piper,7
Rasmus,27,Denmark,Hooli,9
Ricardo,29,Portugal,Stark Industries,7
Rita,25,Hungary,Umbrella Corp,8
Roman,28,Ukraine,Vandelay Industries,7
Sabina,27,Slovakia,Acme Corp,8
Sampo,25,Finland,Globex Inc,7
Sara,28,Italy,Initech,8
Selma,27,Bosnia,Wonka Industries,7
Simon,26,Austria,Pied Piper,6
Teodor,25,Romania,Hooli,8
Tomasz,29,Poland,Stark Industries,9
Vanja,27,Serbia,Umbrella Corp,8
Viktoria,28,Hungary,Vandelay Industries,7
Vilma,25,Finland,Acme Corp,8
Violeta,27,Romania,Globex Inc,9
Vivien,28,Hungary,Initech,7
Yana,29,Bulgaria,Wonka Industries,8
Yann,26,Belgium,Pied Piper,8
Yaroslav,27,Russia,Hooli,8
Zdenka,25,Slovakia,Stark Industries,7
Zeljko,28,Croatia,Umbrella Corp,8
Zita,29,Hungary,Vandelay Industries,7
Ada,26,Poland,Acme Corp,8
Adela,28,Spain,Globex Inc,8
Agnieszka,27,Poland,Initech,9
Albert,25,Germany,Wonka Industries,7
Alena,28,Czech Republic,Pied Piper,8
Aletta,29,Hungary,Hooli,8
Alina,27,Romania,Stark Industries,7
Alojz,26,Slovenia,Umbrella Corp,8
Amalia,28,Italy,Vandelay Industries,9
Ana,25,Portugal,Acme Corp,7
Anamarija,29,Croatia,Globex Inc,8
Anica,28,Serbia,Initech,7
Anja,27,Austria,Wonka Industries,8
Anton,26,Russia,Pied Piper,9
Antonia,28,Spain,Hooli,8
Armin,29,Germany,Stark Industries,7
August,25,Sweden,Umbrella Corp,8
Bart,27,Belgium,Vandelay Industries,8
Beata,28,Poland,Acme Corp,9
Benjamina,29,Slovenia,Globex Inc,7
Boris,27,Slovakia,Initech,8
Branislava,28,Serbia,Wonka Industries,8
Brigita,25,Slovenia,Pied Piper,8
Carmen,29,Spain,Hooli,7
Carolina,28,Portugal,Stark Industries,8
Catalina,27,Romania,Umbrella Corp,9
Celina,26,Poland,Vandelay Industries,7
Clara,29,Germany,Acme Corp,8
Cristina,28,Italy,Globex Inc,8
Csilla,27,Hungary,Initech,8
Dalibor,25,Croatia,Wonka Industries,7
Damjan,26,Slovenia,Pied Piper,9
Daniela,28,Spain,Hooli,8
Daria,29,Russia,Stark Industries,7
Dariusz,27,Poland,Umbrella Corp,8
Dorina,28,Hungary,Vandelay Industries,9
Dragana,29,Serbia,Acme Corp,7
Edina,26,Hungary,Globex Inc,8
Elena,28,Italy,Initech,8
Elina,27,Finland,Wonka Industries,7
Elisa,25,Italy,Pied Piper,9
Elodie,29,France,Hooli,8
Ema,28,Slovenia,Stark Industries,8
Enik≈ë,27,Hungary,Umbrella Corp,9
Erik,29,Slovakia,Vandelay Industries,8
Ewa,26,Poland,Acme Corp,7
Fabian,28,Germany,Globex Inc,8
Felicitas,29,Austria,Initech,7
Filip,27,Poland,Wonka Industries,7
Florian,28,Romania,Pied Piper,8
Frida,25,Sweden,Hooli,8
Gabriela,27,Portugal,Stark Industries,9
Giulia,28,Italy,Umbrella Corp,8
Greta,29,Sweden,Vandelay Industries,7
Gustav,27,Germany,Acme Corp,8
Hanna,28,Slovakia,Globex Inc,9
Henrietta,29,Hungary,Initech,8
Hugo,26,Portugal,Wonka Industries,7
Ilona,28,Poland,Pied Piper,8
Ivana,27,Serbia,Hooli,8
Ivona,25,Croatia,Stark Industries,7
Jana,28,Austria,Umbrella Corp,8
Jaroslav,29,Slovakia,Vandelay Industries,8
Jasmin,26,Austria,Acme Corp,7
Joana,28,Portugal,Globex Inc,9
Johan,27,Sweden,Initech,8
Jovana,25,Serbia,Wonka Industries,7
Judith,26,Germany,Pied Piper,8
Justina,28,Lithuania,Hooli,9
Karolina,27,Poland,Stark Industries,7
Katarina,28,Croatia,Umbrella Corp,9
Katarzyna,29,Poland,Vandelay Industries,8
Katharina,27,Austria,Acme Corp,8
Kristina,28,Slovakia,Globex Inc,9
Krystof,27,Czech Republic,Initech,7
Larisa,25,Romania,Wonka Industries,8
Lars,28,Norway,Pied Piper,8
Laura,26,Hungary,Hooli,7
Lena,29,Germany,Stark Industries,8
Leona,27,Slovakia,Umbrella Corp,8
Lia,28,Italy,Vandelay Industries,7
Lidia,25,Ukraine,Acme Corp,9
Lili,27,Hungary,Globex Inc,8
Linda,28,Latvia,Initech,8
Lorena,27,Spain,Wonka Industries,7
Lucie,28,Czech Republic,Pied Piper,9
Luka,25,Serbia,Hooli,8
Magdalena,28,Poland,Stark Industries,8
Marek,29,Slovakia,Umbrella Corp,7
Maria,27,Italy,Vandelay Industries,8
Marie,28,France,Acme Corp,9
Marina,26,Russia,Globex Inc,7
Marta,29,Poland,Initech,7
Martin,27,Germany,Wonka Industries,8
Matea,28,Croatia,Pied Piper,8
Matej,29,Slovakia,Hooli,9
Matteo,27,Italy,Stark Industries,8
Matyas,28,Hungary,Umbrella Corp,8
Mia,29,Austria,Vandelay Industries,7
Milan,28,Serbia,Acme Corp,9
Milena,27,Bulgaria,Globex Inc,8
Mina,25,Serbia,Initech,8
Monika,28,Poland,Wonka Industries,9
Natalia,27,Spain,Pied Piper,8
Natascha,28,Austria,Hooli,9
Nela,27,Slovakia,Stark Industries,8
Niko,25,Finland,Umbrella Corp,7
Nikola,28,Croatia,Vandelay Industries,8
Nina,29,Germany,Acme Corp,8
Olga,27,Russia,Globex Inc,7
Oriol,28,Spain,Initech,8
Patricia,27,Portugal,Wonka Industries,8
Paula,28,Italy,Pied Piper,7
Pavol,27,Slovakia,Hooli,9
Petra,28,Czech Republic,Stark Industries,8
Pia,25,Austria,Umbrella Corp,8
Rafael,28,Portugal,Vandelay Industries,9
Renata,29,Poland,Acme Corp,8
Roberta,27,Italy,Globex Inc,7
Roman,28,Slovakia,Initech,8
Sabina,29,Slovenia,Wonka Industries,8
Sara,27,Sweden,Pied Piper,9
Selma,28,Bosnia,Hooli,8
Silvia,27,Spain,Stark Industries,8
Simona,26,Romania,Umbrella Corp,7
Sofia,29,Portugal,Vandelay Industries,9
Sonia,28,Italy,Acme Corp,8
Sven,27,Sweden,Globex Inc,7
Szilvia,28,Hungary,Initech,9
Tamara,27,Serbia,Wonka Industries,8
Tatiana,28,Russia,Pied Piper,7
Tea,25,Croatia,Hooli,8